;target_day_n;target_day_engagement;target_day_prop;random_day_n;random_day_engagement;random_day_prop;comparison_metric;comparison_metric_weighted;hot_topic
wenen;57;1016;0.051583710407239816;0.0;0.0;0.001;51.58371040723981;1644.218126115884;1
johnny depp;12;67;0.01085972850678733;0.0;0.0;0.001;10.859728506787329;88.89070883481394;1
nieuw-zeeland;6;268;0.005429864253393665;0.0;0.0;0.001;5.4298642533936645;88.89070883481394;1
nederland;8;112;0.007239819004524887;0.0;0.0;0.001;7.239819004524887;76.61904249236824;1
amerika;17;90;0.015384615384615385;1.0;5.0;0.0008658008658008658;17.76923076923077;75.38846144035037;1
sinterklaas;4;375;0.0036199095022624436;0.0;0.0;0.001;3.6199095022624435;70.09924608520211;1
ward verrijcken;5;233;0.004524886877828055;0.0;0.0;0.001;4.524886877828054;69.06940055417985;1
oostenrijk;5;165;0.004524886877828055;0.0;0.0;0.001;4.524886877828054;58.12322433785126;1
kastiop;5;162;0.004524886877828055;0.0;0.0;0.001;4.524886877828054;57.59240751745636;1
turkije;8;245;0.007239819004524887;1.0;6.0;0.0008658008658008658;8.361990950226245;53.43392913941802;1
ward;1;1330;0.0009049773755656109;0.0;0.0;0.001;0.9049773755656109;33.00376928291488;0
❤ ️ rust;1;1330;0.0009049773755656109;0.0;0.0;0.001;0.9049773755656109;33.00376928291488;0
fod;5;47;0.004524886877828055;0.0;0.0;0.001;4.524886877828054;31.021061540276214;0
robert fisk;5;40;0.004524886877828055;0.0;0.0;0.001;4.524886877828054;28.617897377089406;0
turks;2;231;0.0018099547511312218;0.0;0.0;0.001;1.8099547511312217;27.508930594698032;0
kerstmis;4;55;0.0036199095022624436;0.0;0.0;0.001;3.6199095022624435;26.84596737410195;0
dina tersago;7;16;0.006334841628959276;0.0;0.0;0.001;6.334841628959276;25.339366515837103;0
weyts;4;42;0.0036199095022624436;0.0;0.0;0.001;3.6199095022624435;23.45969483586556;0
dimitri vegas;3;71;0.0027149321266968325;0.0;0.0;0.001;2.7149321266968323;22.876424723555722;0
like mike;3;71;0.0027149321266968325;0.0;0.0;0.001;2.7149321266968323;22.876424723555722;0
thorup;6;15;0.005429864253393665;0.0;0.0;0.001;5.4298642533936645;21.029773825560632;0
uz leuven;3;58;0.0027149321266968325;0.0;0.0;0.001;2.7149321266968323;20.67630707474364;0
pierre van damme;3;56;0.0027149321266968325;0.0;0.0;0.001;2.7149321266968323;20.316691692890178;0
amerikan;5;19;0.004524886877828055;0.0;0.0;0.001;4.524886877828054;19.723524631405763;0
terreurexpert van ostaeyen;1;453;0.0009049773755656109;0.0;0.0;0.001;0.9049773755656109;19.261354437821506;0
prins william;4;28;0.0036199095022624436;0.0;0.0;0.001;3.6199095022624435;19.15476062309206;0
nieuw-zeelands;3;48;0.0027149321266968325;0.0;0.0;0.001;2.7149321266968323;18.80960153015975;0
kurz;4;26;0.0036199095022624436;0.0;0.0;0.001;3.6199095022624435;18.457989189476145;0
joods;3;46;0.0027149321266968325;0.0;0.0;0.001;2.7149321266968323;18.413565565045975;0
brits;9;54;0.008144796380090498;1.0;16.0;0.0008658008658008658;9.407239819004525;17.2822030834148;0
jess thorup;7;7;0.006334841628959276;0.0;0.0;0.001;6.334841628959276;16.76041554520555;0
utrecht;4;20;0.0036199095022624436;0.0;0.0;0.001;3.6199095022624435;16.188727438912505;0
verenigde staten;3;29;0.0027149321266968325;0.0;0.0;0.001;2.7149321266968323;14.620356942446614;0
maradona;5;10;0.004524886877828055;0.0;0.0;0.001;4.524886877828054;14.308948688544703;0
nws;2;57;0.0018099547511312218;0.0;0.0;0.001;1.8099547511312217;13.664858706372398;0
grijze wolven;1;226;0.0009049773755656109;0.0;0.0;0.001;0.9049773755656109;13.604793102599917;0
charlie hebdo;5;9;0.004524886877828055;0.0;0.0;0.001;4.524886877828054;13.574660633484163;0
pornhub;2;51;0.0018099547511312218;0.0;0.0;0.001;1.8099547511312217;12.925662314104708;0
charleroi;2;49;0.0018099547511312218;0.0;0.0;0.001;1.8099547511312217;12.669683257918551;0
zijn;3;21;0.0027149321266968325;0.0;0.0;0.001;2.7149321266968323;12.441381977255672;0
portret;2;47;0.0018099547511312218;0.0;0.0;0.001;1.8099547511312217;12.408424616110487;0
rotterdam;3;20;0.0027149321266968325;0.0;0.0;0.001;2.7149321266968323;12.141545579184378;0
amber heard;3;18;0.0027149321266968325;0.0;0.0;0.001;2.7149321266968323;11.51848150349127;0
niemand;2;39;0.0018099547511312218;0.0;0.0;0.001;1.8099547511312217;11.303163798006151;0
crisiscentrum;3;17;0.0027149321266968325;0.0;0.0;0.001;2.7149321266968323;11.193951924753827;0
apple pay;2;38;0.0018099547511312218;0.0;0.0;0.001;1.8099547511312217;11.157310412613532;0
kbc;2;38;0.0018099547511312218;0.0;0.0;0.001;1.8099547511312217;11.157310412613532;0
fbi;4;56;0.0036199095022624436;2.0;2.0;0.0017316017316017316;2.090497737556561;11.061874259835665;0
berx;1;148;0.0009049773755656109;0.0;0.0;0.001;0.9049773755656109;11.009524941716235;0
aa gent;3;12;0.0027149321266968325;1.0;1.0;0.0008658008658008658;3.1357466063348416;10.862544883667256;0
genk;6;4;0.005429864253393665;0.0;0.0;0.001;5.4298642533936645;10.859728506787329;0
bekijk;2;33;0.0018099547511312218;0.0;0.0;0.001;1.8099547511312217;10.39739845527245;0
al;2;32;0.0018099547511312218;0.0;0.0;0.001;1.8099547511312217;10.238650225325575;0
kaboel;3;14;0.0027149321266968325;0.0;0.0;0.001;2.7149321266968323;10.158345846445089;0
amersfoort;2;31;0.0018099547511312218;0.0;0.0;0.001;1.8099547511312217;10.077401561683297;0
jacques vermeire;4;7;0.0036199095022624436;0.0;0.0;0.001;3.6199095022624435;9.57738031154603;0
brexit party;2;28;0.0018099547511312218;0.0;0.0;0.001;1.8099547511312217;9.57738031154603;0
in beeld;2;27;0.0018099547511312218;0.0;0.0;0.001;1.8099547511312217;9.404800765079877;0
ukkel;2;27;0.0018099547511312218;0.0;0.0;0.001;1.8099547511312217;9.404800765079877;0
mithra;3;12;0.0027149321266968325;0.0;0.0;0.001;2.7149321266968323;9.404800765079875;0
again;2;26;0.0018099547511312218;0.0;0.0;0.001;1.8099547511312217;9.228994594738072;0
edward snowden;3;17;0.0027149321266968325;1.0;2.0;0.0008658008658008658;3.1357466063348416;9.142193807981434;0
sebastiaan van doninck;3;11;0.0027149321266968325;0.0;0.0;0.001;2.7149321266968323;9.00441119553502;0
bette;3;11;0.0027149321266968325;0.0;0.0;0.001;2.7149321266968323;9.00441119553502;0
westera;3;11;0.0027149321266968325;0.0;0.0;0.001;2.7149321266968323;9.00441119553502;0
fc kopenhagen;4;6;0.0036199095022624436;0.0;0.0;0.001;3.6199095022624435;8.866931195595214;0
school in;1;92;0.0009049773755656109;0.0;0.0;0.001;0.9049773755656109;8.680238051244741;0
westmalle voeren;1;92;0.0009049773755656109;0.0;0.0;0.001;0.9049773755656109;8.680238051244741;0
witte huis;2;22;0.0018099547511312218;0.0;0.0;0.001;1.8099547511312217;8.489440289273176;0
oost-vlaanderen;4;36;0.0036199095022624436;1.0;9.0;0.0008658008658008658;4.180995475113122;8.361990950226245;0
obese;2;21;0.0018099547511312218;0.0;0.0;0.001;1.8099547511312217;8.294254651503783;0
interview;2;21;0.0018099547511312218;0.0;0.0;0.001;1.8099547511312217;8.294254651503783;0
emotionele martine tanghe;1;81;0.0009049773755656109;0.0;0.0;0.001;0.9049773755656109;8.144796380090497;0
duitser;2;20;0.0018099547511312218;0.0;0.0;0.001;1.8099547511312217;8.094363719456252;0
prinses delphine;2;20;0.0018099547511312218;0.0;0.0;0.001;1.8099547511312217;8.094363719456252;0
opbrengst;2;19;0.0018099547511312218;0.0;0.0;0.001;1.8099547511312217;7.889409852562306;0
izmir;1;74;0.0009049773755656109;0.0;0.0;0.001;0.9049773755656109;7.784909743929979;0
dood;1;74;0.0009049773755656109;0.0;0.0;0.001;0.9049773755656109;7.784909743929979;0
helft;2;18;0.0018099547511312218;0.0;0.0;0.001;1.8099547511312217;7.67898766899418;0
marthe van k3;2;18;0.0018099547511312218;0.0;0.0;0.001;1.8099547511312217;7.67898766899418;0
jezelf;2;18;0.0018099547511312218;0.0;0.0;0.001;1.8099547511312217;7.67898766899418;0
winterpret;1;71;0.0009049773755656109;0.0;0.0;0.001;0.9049773755656109;7.625474907851909;0
west-vlaams;1;64;0.0009049773755656109;0.0;0.0;0.001;0.9049773755656109;7.239819004524887;0
carl decaluwé;1;64;0.0009049773755656109;0.0;0.0;0.001;0.9049773755656109;7.239819004524887;0
goudjakhals;1;63;0.0009049773755656109;0.0;0.0;0.001;0.9049773755656109;7.183035233659522;0
ethiopië;3;7;0.0027149321266968325;0.0;0.0;0.001;2.7149321266968323;7.183035233659521;0
vi;2;15;0.0018099547511312218;0.0;0.0;0.001;1.8099547511312217;7.009924608520212;0
allerheiligen;1;59;0.0009049773755656109;0.0;0.0;0.001;0.9049773755656109;6.951263120243084;0
eekhoorn;1;57;0.0009049773755656109;0.0;0.0;0.001;0.9049773755656109;6.832429353186199;0
lubbeek;1;57;0.0009049773755656109;0.0;0.0;0.001;0.9049773755656109;6.832429353186199;0
verkiezingsrally;1;56;0.0009049773755656109;0.0;0.0;0.001;0.9049773755656109;6.772230564296726;0
heilige jacinda;2;14;0.0018099547511312218;0.0;0.0;0.001;1.8099547511312217;6.772230564296726;0
roglic;3;6;0.0027149321266968325;0.0;0.0;0.001;2.7149321266968323;6.6501983966964096;0
australië;3;6;0.0027149321266968325;0.0;0.0;0.001;2.7149321266968323;6.6501983966964096;0
sint-romboutstoren;1;48;0.0009049773755656109;0.0;0.0;0.001;0.9049773755656109;6.2698671767199174;0
jessa;2;12;0.0018099547511312218;0.0;0.0;0.001;1.8099547511312217;6.2698671767199174;0
vastgoedsector;2;12;0.0018099547511312218;0.0;0.0;0.001;1.8099547511312217;6.2698671767199174;0
mechelen;1;48;0.0009049773755656109;0.0;0.0;0.001;0.9049773755656109;6.2698671767199174;0
vi dood;1;48;0.0009049773755656109;0.0;0.0;0.001;0.9049773755656109;6.2698671767199174;0
despacito;2;12;0.0018099547511312218;0.0;0.0;0.001;1.8099547511312217;6.2698671767199174;0
boekenpauw;3;5;0.0027149321266968325;0.0;0.0;0.001;2.7149321266968323;6.070772789592189;0
colonne trump-aanhangers;2;11;0.0018099547511312218;0.0;0.0;0.001;1.8099547511312217;6.002940797023348;0
marc coucke;2;11;0.0018099547511312218;0.0;0.0;0.001;1.8099547511312217;6.002940797023348;0
groot-brittannië;2;11;0.0018099547511312218;0.0;0.0;0.001;1.8099547511312217;6.002940797023348;0
maori;1;43;0.0009049773755656109;0.0;0.0;0.001;0.9049773755656109;5.934333506155657;0
new hampshire;1;42;0.0009049773755656109;0.0;0.0;0.001;0.9049773755656109;5.86492370896639;0
zeker;1;42;0.0009049773755656109;0.0;0.0;0.001;0.9049773755656109;5.86492370896639;0
tonen;1;41;0.0009049773755656109;0.0;0.0;0.001;0.9049773755656109;5.794682567812533;0
vlaams overheid;2;10;0.0018099547511312218;0.0;0.0;0.001;1.8099547511312217;5.723579475417882;0
amerikacorrespondent björn;1;39;0.0009049773755656109;0.0;0.0;0.001;0.9049773755656109;5.651581899003076;0
joris vandenbroucke;1;39;0.0009049773755656109;0.0;0.0;0.001;0.9049773755656109;5.651581899003076;0
uz gent;1;37;0.0009049773755656109;0.0;0.0;0.001;0.9049773755656109;5.504762470858117;0
van diepen;2;9;0.0018099547511312218;0.0;0.0;0.001;1.8099547511312217;5.429864253393665;0
ouattara;2;9;0.0018099547511312218;0.0;0.0;0.001;1.8099547511312217;5.429864253393665;0
teleurstellen;1;35;0.0009049773755656109;0.0;0.0;0.001;0.9049773755656109;5.353918355746259;0
club brugge;5;4;0.004524886877828055;2.0;1.0;0.0017316017316017316;2.6131221719457014;5.226244343891403;0
bangkok;1;48;0.0009049773755656109;1.0;2.0;0.0008658008658008658;1.0452488687782806;5.120652765456237;0
belgen;4;36;0.0036199095022624436;2.0;6.0;0.0017316017316017316;2.090497737556561;5.120652765456237;0
terzake;2;8;0.0018099547511312218;0.0;0.0;0.001;1.8099547511312217;5.1193251126627874;0
bv;2;8;0.0018099547511312218;0.0;0.0;0.001;1.8099547511312217;5.1193251126627874;0
delphine lecompte;2;8;0.0018099547511312218;0.0;0.0;0.001;1.8099547511312217;5.1193251126627874;0
frank vandenbroucke;2;8;0.0018099547511312218;0.0;0.0;0.001;1.8099547511312217;5.1193251126627874;0
seattle;1;31;0.0009049773755656109;0.0;0.0;0.001;0.9049773755656109;5.038700780841649;0
kijk;1;30;0.0009049773755656109;0.0;0.0;0.001;0.9049773755656109;4.956765226291096;0
kalifaat raken;1;30;0.0009049773755656109;0.0;0.0;0.001;0.9049773755656109;4.956765226291096;0
viroloog steven;1;29;0.0009049773755656109;0.0;0.0;0.001;0.9049773755656109;4.873452314148873;0
hongarije;1;29;0.0009049773755656109;0.0;0.0;0.001;0.9049773755656109;4.873452314148873;0
immo”- triest;2;7;0.0018099547511312218;0.0;0.0;0.001;1.8099547511312217;4.788690155773015;0
erik;2;7;0.0018099547511312218;0.0;0.0;0.001;1.8099547511312217;4.788690155773015;0
joe-presentator raf van brussel;2;7;0.0018099547511312218;0.0;0.0;0.001;1.8099547511312217;4.788690155773015;0
bellen;1;27;0.0009049773755656109;0.0;0.0;0.001;0.9049773755656109;4.702400382539938;0
dortmund;3;3;0.0027149321266968325;0.0;0.0;0.001;2.7149321266968323;4.702400382539937;0
erdogan;1;25;0.0009049773755656109;0.0;0.0;0.001;0.9049773755656109;4.524886877828054;0
verbranden;1;25;0.0009049773755656109;0.0;0.0;0.001;0.9049773755656109;4.524886877828054;0
demir;1;18;0.0009049773755656109;1.0;0.0;0.0008658008658008658;1.0452488687782806;4.434615378844139;0
wever;1;24;0.0009049773755656109;0.0;0.0;0.001;0.9049773755656109;4.433465597797607;0
brussels airlines;2;6;0.0018099547511312218;0.0;0.0;0.001;1.8099547511312217;4.433465597797607;0
opvolger van blokker;2;6;0.0018099547511312218;0.0;0.0;0.001;1.8099547511312217;4.433465597797607;0
dab+;2;6;0.0018099547511312218;0.0;0.0;0.001;1.8099547511312217;4.433465597797607;0
covid-19;1;24;0.0009049773755656109;0.0;0.0;0.001;0.9049773755656109;4.433465597797607;0
nice;1;24;0.0009049773755656109;0.0;0.0;0.001;0.9049773755656109;4.433465597797607;0
netsky;2;6;0.0018099547511312218;0.0;0.0;0.001;1.8099547511312217;4.433465597797607;0
tanya zabarylo;2;6;0.0018099547511312218;0.0;0.0;0.001;1.8099547511312217;4.433465597797607;0
barberis;2;6;0.0018099547511312218;0.0;0.0;0.001;1.8099547511312217;4.433465597797607;0
vlamingen;2;6;0.0018099547511312218;0.0;0.0;0.001;1.8099547511312217;4.433465597797607;0
maatregel;1;23;0.0009049773755656109;0.0;0.0;0.001;0.9049773755656109;4.3401190256223705;0
eén;2;17;0.0018099547511312218;1.0;4.0;0.0008658008658008658;2.090497737556561;4.309671491030224;0
nieuw joods museum;1;22;0.0009049773755656109;0.0;0.0;0.001;0.9049773755656109;4.244720144636588;0
goedgekeurd;1;22;0.0009049773755656109;0.0;0.0;0.001;0.9049773755656109;4.244720144636588;0
sabi windels;1;21;0.0009049773755656109;0.0;0.0;0.001;0.9049773755656109;4.1471273257518915;0
maastricht;1;21;0.0009049773755656109;0.0;0.0;0.001;0.9049773755656109;4.1471273257518915;0
roof food;1;21;0.0009049773755656109;0.0;0.0;0.001;0.9049773755656109;4.1471273257518915;0
madagaskar;1;20;0.0009049773755656109;0.0;0.0;0.001;0.9049773755656109;4.047181859728126;0
andy peelman;2;5;0.0018099547511312218;0.0;0.0;0.001;1.8099547511312217;4.047181859728126;0
lidmaatschap zijn;1;20;0.0009049773755656109;0.0;0.0;0.001;0.9049773755656109;4.047181859728126;0
reconstructie;2;5;0.0018099547511312218;0.0;0.0;0.001;1.8099547511312217;4.047181859728126;0
regering-de;1;20;0.0009049773755656109;0.0;0.0;0.001;0.9049773755656109;4.047181859728126;0
stem;1;20;0.0009049773755656109;0.0;0.0;0.001;0.9049773755656109;4.047181859728126;0
zna;1;20;0.0009049773755656109;0.0;0.0;0.001;0.9049773755656109;4.047181859728126;0
russisch;5;31;0.004524886877828055;3.0;6.0;0.0025974025974025974;1.7420814479638012;3.959803886379755;0
trump lezen;1;19;0.0009049773755656109;0.0;0.0;0.001;0.9049773755656109;3.944704926281153;0
mohammed-cartoon;1;19;0.0009049773755656109;0.0;0.0;0.001;0.9049773755656109;3.944704926281153;0
ideaal;1;19;0.0009049773755656109;0.0;0.0;0.001;0.9049773755656109;3.944704926281153;0
de croo;2;14;0.0018099547511312218;1.0;4.0;0.0008658008658008658;2.090497737556561;3.9109631508813596;0
abdoullakh anzorov;1;18;0.0009049773755656109;0.0;0.0;0.001;0.9049773755656109;3.83949383449709;0
metersdiepe;1;18;0.0009049773755656109;0.0;0.0;0.001;0.9049773755656109;3.83949383449709;0
geert molenberghs;1;18;0.0009049773755656109;0.0;0.0;0.001;0.9049773755656109;3.83949383449709;0
tsjetsjenië;1;18;0.0009049773755656109;0.0;0.0;0.001;0.9049773755656109;3.83949383449709;0
meetjesland;1;17;0.0009049773755656109;0.0;0.0;0.001;0.9049773755656109;3.7313173082512767;0
▶ videoboodschap van sinterklaas;1;17;0.0009049773755656109;0.0;0.0;0.001;0.9049773755656109;3.7313173082512767;0
belgrado;2;4;0.0018099547511312218;0.0;0.0;0.001;1.8099547511312217;3.6199095022624435;0
meise;1;16;0.0009049773755656109;0.0;0.0;0.001;0.9049773755656109;3.6199095022624435;0
aalter;1;16;0.0009049773755656109;0.0;0.0;0.001;0.9049773755656109;3.6199095022624435;0
hilarisch;1;16;0.0009049773755656109;0.0;0.0;0.001;0.9049773755656109;3.6199095022624435;0
youtube;1;16;0.0009049773755656109;0.0;0.0;0.001;0.9049773755656109;3.6199095022624435;0
stad;1;16;0.0009049773755656109;0.0;0.0;0.001;0.9049773755656109;3.6199095022624435;0
linter;1;16;0.0009049773755656109;0.0;0.0;0.001;0.9049773755656109;3.6199095022624435;0
wim de decker;2;4;0.0018099547511312218;0.0;0.0;0.001;1.8099547511312217;3.6199095022624435;0
sri lankanen;1;16;0.0009049773755656109;0.0;0.0;0.001;0.9049773755656109;3.6199095022624435;0
youtuber acid;1;16;0.0009049773755656109;0.0;0.0;0.001;0.9049773755656109;3.6199095022624435;0
joachim;1;16;0.0009049773755656109;0.0;0.0;0.001;0.9049773755656109;3.6199095022624435;0
erik van looy;3;5;0.0027149321266968325;2.0;0.0;0.0017316017316017316;1.5678733031674208;3.5058712859894894;0
angela merkel;1;15;0.0009049773755656109;0.0;0.0;0.001;0.9049773755656109;3.504962304260106;0
waregems covid-19-patiënt;1;15;0.0009049773755656109;0.0;0.0;0.001;0.9049773755656109;3.504962304260106;0
sint;1;15;0.0009049773755656109;0.0;0.0;0.001;0.9049773755656109;3.504962304260106;0
jakarta;1;15;0.0009049773755656109;0.0;0.0;0.001;0.9049773755656109;3.504962304260106;0
anti-frans;1;15;0.0009049773755656109;0.0;0.0;0.001;0.9049773755656109;3.504962304260106;0
dhaka;1;15;0.0009049773755656109;0.0;0.0;0.001;0.9049773755656109;3.504962304260106;0
fysiek;1;15;0.0009049773755656109;0.0;0.0;0.001;0.9049773755656109;3.504962304260106;0
bart de wever;2;174;0.0018099547511312218;1.0;63.0;0.0008658008658008658;2.090497737556561;3.4741938829460026;0
biden;1;44;0.0009049773755656109;1.0;4.0;0.0008658008658008658;1.0452488687782806;3.4666983102809836;0
latem leven;1;14;0.0009049773755656109;0.0;0.0;0.001;0.9049773755656109;3.386115282148363;0
arbi;1;14;0.0009049773755656109;0.0;0.0;0.001;0.9049773755656109;3.386115282148363;0
wo ii;1;14;0.0009049773755656109;0.0;0.0;0.001;0.9049773755656109;3.386115282148363;0
coronacrisis;1;14;0.0009049773755656109;0.0;0.0;0.001;0.9049773755656109;3.386115282148363;0
filosoof bernice bovenkerk;1;14;0.0009049773755656109;0.0;0.0;0.001;0.9049773755656109;3.386115282148363;0
boete;1;13;0.0009049773755656109;0.0;0.0;0.001;0.9049773755656109;3.262942330736642;0
the polls;1;13;0.0009049773755656109;0.0;0.0;0.001;0.9049773755656109;3.262942330736642;0
make;1;13;0.0009049773755656109;0.0;0.0;0.001;0.9049773755656109;3.262942330736642;0
ocad;1;13;0.0009049773755656109;0.0;0.0;0.001;0.9049773755656109;3.262942330736642;0
kempens;1;13;0.0009049773755656109;0.0;0.0;0.001;0.9049773755656109;3.262942330736642;0
pakistan;1;13;0.0009049773755656109;0.0;0.0;0.001;0.9049773755656109;3.262942330736642;0
actualiseren;1;13;0.0009049773755656109;0.0;0.0;0.001;0.9049773755656109;3.262942330736642;0
jeroen lasure;1;13;0.0009049773755656109;0.0;0.0;0.001;0.9049773755656109;3.262942330736642;0
cambodja;1;13;0.0009049773755656109;0.0;0.0;0.001;0.9049773755656109;3.262942330736642;0
kavaan;1;13;0.0009049773755656109;0.0;0.0;0.001;0.9049773755656109;3.262942330736642;0
heusden-zolder;1;13;0.0009049773755656109;0.0;0.0;0.001;0.9049773755656109;3.262942330736642;0
domein bovy;1;13;0.0009049773755656109;0.0;0.0;0.001;0.9049773755656109;3.262942330736642;0
container proberen;1;13;0.0009049773755656109;0.0;0.0;0.001;0.9049773755656109;3.262942330736642;0
uitroepen;1;13;0.0009049773755656109;0.0;0.0;0.001;0.9049773755656109;3.262942330736642;0
haven van rotterdam;1;13;0.0009049773755656109;0.0;0.0;0.001;0.9049773755656109;3.262942330736642;0
waarom;13;287;0.011764705882352941;6.0;146.0;0.005194805194805195;2.264705882352941;3.1752383305359304;0
alles;2;3;0.0018099547511312218;0.0;0.0;0.001;1.8099547511312217;3.1349335883599587;0
mega;2;3;0.0018099547511312218;0.0;0.0;0.001;1.8099547511312217;3.1349335883599587;0
america;1;12;0.0009049773755656109;0.0;0.0;0.001;0.9049773755656109;3.1349335883599587;0
analyse;1;12;0.0009049773755656109;0.0;0.0;0.001;0.9049773755656109;3.1349335883599587;0
wegwerpplastic;1;12;0.0009049773755656109;0.0;0.0;0.001;0.9049773755656109;3.1349335883599587;0
euthanasie;1;12;0.0009049773755656109;0.0;0.0;0.001;0.9049773755656109;3.1349335883599587;0
oostenrijks kanselier kurz;1;12;0.0009049773755656109;0.0;0.0;0.001;0.9049773755656109;3.1349335883599587;0
america first ’ zijn;1;12;0.0009049773755656109;0.0;0.0;0.001;0.9049773755656109;3.1349335883599587;0
diepenbeek;1;11;0.0009049773755656109;0.0;0.0;0.001;0.9049773755656109;3.001470398511674;0
giovanni kemper;1;11;0.0009049773755656109;0.0;0.0;0.001;0.9049773755656109;3.001470398511674;0
stan van samang;1;11;0.0009049773755656109;0.0;0.0;0.001;0.9049773755656109;3.001470398511674;0
joe biden;11;61;0.009954751131221719;4.0;60.0;0.003463203463203463;2.8744343891402715;2.898289025459114;0
think;1;10;0.0009049773755656109;0.0;0.0;0.001;0.9049773755656109;2.861789737708941;0
afghaans;1;10;0.0009049773755656109;0.0;0.0;0.001;0.9049773755656109;2.861789737708941;0
pink;1;10;0.0009049773755656109;0.0;0.0;0.001;0.9049773755656109;2.861789737708941;0
europees commissie;1;10;0.0009049773755656109;0.0;0.0;0.001;0.9049773755656109;2.861789737708941;0
leuvens;1;10;0.0009049773755656109;0.0;0.0;0.001;0.9049773755656109;2.861789737708941;0
sergino;1;10;0.0009049773755656109;0.0;0.0;0.001;0.9049773755656109;2.861789737708941;0
vlaams regering;1;51;0.0009049773755656109;1.0;7.0;0.0008658008658008658;1.0452488687782806;2.8213422611484575;0
wit-rusland;1;7;0.0009049773755656109;1.0;1.0;0.0008658008658008658;1.0452488687782806;2.7654685649589164;0
coronavirus;10;83;0.00904977375565611;6.0;33.0;0.005194805194805195;1.7420814479638012;2.762806900660835;0
latina;1;9;0.0009049773755656109;0.0;0.0;0.001;0.9049773755656109;2.7149321266968327;0
pietermaat;1;9;0.0009049773755656109;0.0;0.0;0.001;0.9049773755656109;2.7149321266968327;0
menstruatie;1;9;0.0009049773755656109;0.0;0.0;0.001;0.9049773755656109;2.7149321266968327;0
sri lanka;1;9;0.0009049773755656109;0.0;0.0;0.001;0.9049773755656109;2.7149321266968327;0
corona stijgen;1;9;0.0009049773755656109;0.0;0.0;0.001;0.9049773755656109;2.7149321266968327;0
bpost;1;9;0.0009049773755656109;0.0;0.0;0.001;0.9049773755656109;2.7149321266968327;0
wit huis-race;1;9;0.0009049773755656109;0.0;0.0;0.001;0.9049773755656109;2.7149321266968327;0
blokker;1;9;0.0009049773755656109;0.0;0.0;0.001;0.9049773755656109;2.7149321266968327;0
biostatisticus geert molenberghs;1;9;0.0009049773755656109;0.0;0.0;0.001;0.9049773755656109;2.7149321266968327;0
state;1;9;0.0009049773755656109;0.0;0.0;0.001;0.9049773755656109;2.7149321266968327;0
stoer;1;9;0.0009049773755656109;0.0;0.0;0.001;0.9049773755656109;2.7149321266968327;0
anthony fauci;1;9;0.0009049773755656109;0.0;0.0;0.001;0.9049773755656109;2.7149321266968327;0
europees unie;1;13;0.0009049773755656109;1.0;2.0;0.0008658008658008658;1.0452488687782806;2.664872189230618;0
gent;5;57;0.004524886877828055;3.0;25.0;0.0025974025974025974;1.7420814479638012;2.630485300976687;0
helsinki;1;8;0.0009049773755656109;0.0;0.0;0.001;0.9049773755656109;2.5596625563313937;0
fiks;1;8;0.0009049773755656109;0.0;0.0;0.001;0.9049773755656109;2.5596625563313937;0
vincent van peteghem;1;8;0.0009049773755656109;0.0;0.0;0.001;0.9049773755656109;2.5596625563313937;0
vrijwilligersplatform;1;8;0.0009049773755656109;0.0;0.0;0.001;0.9049773755656109;2.5596625563313937;0
zorgvoorlicht;1;8;0.0009049773755656109;0.0;0.0;0.001;0.9049773755656109;2.5596625563313937;0
uur;1;8;0.0009049773755656109;0.0;0.0;0.001;0.9049773755656109;2.5596625563313937;0
beule;1;8;0.0009049773755656109;0.0;0.0;0.001;0.9049773755656109;2.5596625563313937;0
comité voor veiligheid;1;8;0.0009049773755656109;0.0;0.0;0.001;0.9049773755656109;2.5596625563313937;0
sint petersburg;1;8;0.0009049773755656109;0.0;0.0;0.001;0.9049773755656109;2.5596625563313937;0
van buenos;1;8;0.0009049773755656109;0.0;0.0;0.001;0.9049773755656109;2.5596625563313937;0
portugees;1;8;0.0009049773755656109;0.0;0.0;0.001;0.9049773755656109;2.5596625563313937;0
radio 1 ;1;8;0.0009049773755656109;0.0;0.0;0.001;0.9049773755656109;2.5596625563313937;0
vertrek;1;8;0.0009049773755656109;0.0;0.0;0.001;0.9049773755656109;2.5596625563313937;0
cocaïne;2;2;0.0018099547511312218;0.0;0.0;0.001;1.8099547511312217;2.5596625563313937;0
kv mechelen;2;2;0.0018099547511312218;0.0;0.0;0.001;1.8099547511312217;2.5596625563313937;0
gevaarlijk;1;8;0.0009049773755656109;0.0;0.0;0.001;0.9049773755656109;2.5596625563313937;0
mondmaskers;1;8;0.0009049773755656109;0.0;0.0;0.001;0.9049773755656109;2.5596625563313937;0
borgerhout;1;8;0.0009049773755656109;0.0;0.0;0.001;0.9049773755656109;2.5596625563313937;0
ella leyers;2;29;0.0018099547511312218;2.0;5.0;0.0017316017316017316;1.0452488687782806;2.5172926223538648;0
belgisch;10;78;0.00904977375565611;7.0;28.0;0.006060606060606061;1.493212669683258;2.4922405152106104;0
afrika;1;27;0.0009049773755656109;1.0;5.0;0.0008658008658008658;1.0452488687782806;2.4289388768522535;0
chimpansee;1;7;0.0009049773755656109;0.0;0.0;0.001;0.9049773755656109;2.3943450778865074;0
regeringstop;1;7;0.0009049773755656109;0.0;0.0;0.001;0.9049773755656109;2.3943450778865074;0
meerderheid van limburger;1;7;0.0009049773755656109;0.0;0.0;0.001;0.9049773755656109;2.3943450778865074;0
nederlands dierenpark amersfoort;1;7;0.0009049773755656109;0.0;0.0;0.001;0.9049773755656109;2.3943450778865074;0
afhaalpunt;1;7;0.0009049773755656109;0.0;0.0;0.001;0.9049773755656109;2.3943450778865074;0
waarom china;1;7;0.0009049773755656109;0.0;0.0;0.001;0.9049773755656109;2.3943450778865074;0
gerd müller;1;7;0.0009049773755656109;0.0;0.0;0.001;0.9049773755656109;2.3943450778865074;0
leuven;1;7;0.0009049773755656109;0.0;0.0;0.001;0.9049773755656109;2.3943450778865074;0
brits regering;1;7;0.0009049773755656109;0.0;0.0;0.001;0.9049773755656109;2.3943450778865074;0
doel;1;7;0.0009049773755656109;0.0;0.0;0.001;0.9049773755656109;2.3943450778865074;0
machu picchu;1;7;0.0009049773755656109;0.0;0.0;0.001;0.9049773755656109;2.3943450778865074;0
amerikan trump of bid;1;7;0.0009049773755656109;0.0;0.0;0.001;0.9049773755656109;2.3943450778865074;0
brussel;12;179;0.01085972850678733;12.0;35.0;0.01038961038961039;1.0452488687782806;2.3638080075839327;0
syrië;1;5;0.0009049773755656109;1.0;1.0;0.0008658008658008658;1.0452488687782806;2.337247523992993;0
macron;1;41;0.0009049773755656109;1.0;9.0;0.0008658008658008658;1.0452488687782806;2.2309527886078255;0
ivoriaans;1;6;0.0009049773755656109;0.0;0.0;0.001;0.9049773755656109;2.2167327988988035;0
professor jose-luis;1;6;0.0009049773755656109;0.0;0.0;0.001;0.9049773755656109;2.2167327988988035;0
gaston;1;6;0.0009049773755656109;0.0;0.0;0.001;0.9049773755656109;2.2167327988988035;0
ivorian;1;6;0.0009049773755656109;0.0;0.0;0.001;0.9049773755656109;2.2167327988988035;0
make-up;1;6;0.0009049773755656109;0.0;0.0;0.001;0.9049773755656109;2.2167327988988035;0
jimenez;1;6;0.0009049773755656109;0.0;0.0;0.001;0.9049773755656109;2.2167327988988035;0
evergem;1;6;0.0009049773755656109;0.0;0.0;0.001;0.9049773755656109;2.2167327988988035;0
jani kazaltzis;1;6;0.0009049773755656109;0.0;0.0;0.001;0.9049773755656109;2.2167327988988035;0
klein;1;6;0.0009049773755656109;0.0;0.0;0.001;0.9049773755656109;2.2167327988988035;0
maehle;1;6;0.0009049773755656109;0.0;0.0;0.001;0.9049773755656109;2.2167327988988035;0
moldavië ;1;6;0.0009049773755656109;0.0;0.0;0.001;0.9049773755656109;2.2167327988988035;0
katholiek kerk;1;6;0.0009049773755656109;0.0;0.0;0.001;0.9049773755656109;2.2167327988988035;0
thaise;1;6;0.0009049773755656109;0.0;0.0;0.001;0.9049773755656109;2.2167327988988035;0
bongonda;1;6;0.0009049773755656109;0.0;0.0;0.001;0.9049773755656109;2.2167327988988035;0
belg;1;13;0.0009049773755656109;1.0;3.0;0.0008658008658008658;1.0452488687782806;2.175859031116184;0
mike;1;4;0.0009049773755656109;1.0;1.0;0.0008658008658008658;1.0452488687782806;2.090497737556561;0
republikeins;1;4;0.0009049773755656109;1.0;1.0;0.0008658008658008658;1.0452488687782806;2.090497737556561;0
corona ?;2;4;0.0018099547511312218;1.0;4.0;0.0008658008658008658;2.090497737556561;2.090497737556561;0
vuelta;2;4;0.0018099547511312218;2.0;1.0;0.0017316017316017316;1.0452488687782806;2.090497737556561;0
sp.a;1;39;0.0009049773755656109;1.0;10.0;0.0008658008658008658;1.0452488687782806;2.064201121732297;0
italië;4;21;0.0036199095022624436;2.0;22.0;0.0017316017316017316;2.090497737556561;2.042433893503612;0
new york;1;19;0.0009049773755656109;1.0;5.0;0.0008658008658008658;1.0452488687782806;2.0375651526252225;0
weens;1;5;0.0009049773755656109;0.0;0.0;0.001;0.9049773755656109;2.023590929864063;0
gb;1;5;0.0009049773755656109;0.0;0.0;0.001;0.9049773755656109;2.023590929864063;0
vlaams onderwijsraad;1;5;0.0009049773755656109;0.0;0.0;0.001;0.9049773755656109;2.023590929864063;0
twee colruyt-winkel;1;5;0.0009049773755656109;0.0;0.0;0.001;0.9049773755656109;2.023590929864063;0
interieurzaak;1;5;0.0009049773755656109;0.0;0.0;0.001;0.9049773755656109;2.023590929864063;0
orange;1;5;0.0009049773755656109;0.0;0.0;0.001;0.9049773755656109;2.023590929864063;0
niets;1;5;0.0009049773755656109;0.0;0.0;0.001;0.9049773755656109;2.023590929864063;0
miljoen amerikan;1;5;0.0009049773755656109;0.0;0.0;0.001;0.9049773755656109;2.023590929864063;0
dirk bron;1;5;0.0009049773755656109;0.0;0.0;0.001;0.9049773755656109;2.023590929864063;0
ikea;1;5;0.0009049773755656109;0.0;0.0;0.001;0.9049773755656109;2.023590929864063;0
lamine bangoura;1;5;0.0009049773755656109;0.0;0.0;0.001;0.9049773755656109;2.023590929864063;0
jumbo-visma;1;5;0.0009049773755656109;0.0;0.0;0.001;0.9049773755656109;2.023590929864063;0
dertigers;1;5;0.0009049773755656109;0.0;0.0;0.001;0.9049773755656109;2.023590929864063;0
andy;1;5;0.0009049773755656109;0.0;0.0;0.001;0.9049773755656109;2.023590929864063;0
wortel;1;5;0.0009049773755656109;0.0;0.0;0.001;0.9049773755656109;2.023590929864063;0
anouk matton;1;5;0.0009049773755656109;0.0;0.0;0.001;0.9049773755656109;2.023590929864063;0
bie baert;1;5;0.0009049773755656109;0.0;0.0;0.001;0.9049773755656109;2.023590929864063;0
geopoliticoloog;1;5;0.0009049773755656109;0.0;0.0;0.001;0.9049773755656109;2.023590929864063;0
rachida lamrabet;1;5;0.0009049773755656109;0.0;0.0;0.001;0.9049773755656109;2.023590929864063;0
david criekemans;1;5;0.0009049773755656109;0.0;0.0;0.001;0.9049773755656109;2.023590929864063;0
ryanair-topman;1;5;0.0009049773755656109;0.0;0.0;0.001;0.9049773755656109;2.023590929864063;0
iemand;1;5;0.0009049773755656109;0.0;0.0;0.001;0.9049773755656109;2.023590929864063;0
schrik in bed;1;5;0.0009049773755656109;0.0;0.0;0.001;0.9049773755656109;2.023590929864063;0
europa;10;242;0.00904977375565611;12.0;47.0;0.01038961038961039;0.8710407239819006;1.976501799957462;0
wall street;2;7;0.0018099547511312218;2.0;2.0;0.0017316017316017316;1.0452488687782806;1.9554815754406798;0
vs;14;191;0.012669683257918552;11.0;103.0;0.009523809523809525;1.330316742081448;1.8115616905533154;0
washington;1;3;0.0009049773755656109;1.0;0.0;0.0008658008658008658;1.0452488687782806;1.8104241472778764;0
jan smets;1;4;0.0009049773755656109;0.0;0.0;0.001;0.9049773755656109;1.8099547511312217;0
prins charles;1;4;0.0009049773755656109;0.0;0.0;0.001;0.9049773755656109;1.8099547511312217;0
winston;1;4;0.0009049773755656109;0.0;0.0;0.001;0.9049773755656109;1.8099547511312217;0
noren;1;4;0.0009049773755656109;0.0;0.0;0.001;0.9049773755656109;1.8099547511312217;0
hampton stall;1;4;0.0009049773755656109;0.0;0.0;0.001;0.9049773755656109;1.8099547511312217;0
van doninck;1;4;0.0009049773755656109;0.0;0.0;0.001;0.9049773755656109;1.8099547511312217;0
republikein;1;4;0.0009049773755656109;0.0;0.0;0.001;0.9049773755656109;1.8099547511312217;0
osama;1;4;0.0009049773755656109;0.0;0.0;0.001;0.9049773755656109;1.8099547511312217;0
dvlm;1;4;0.0009049773755656109;0.0;0.0;0.001;0.9049773755656109;1.8099547511312217;0
km/u in honduras;1;4;0.0009049773755656109;0.0;0.0;0.001;0.9049773755656109;1.8099547511312217;0
marie-jeanne;1;4;0.0009049773755656109;0.0;0.0;0.001;0.9049773755656109;1.8099547511312217;0
chibi ichigo en umi defoort;1;4;0.0009049773755656109;0.0;0.0;0.001;0.9049773755656109;1.8099547511312217;0
lincoln project;1;4;0.0009049773755656109;0.0;0.0;0.001;0.9049773755656109;1.8099547511312217;0
militie;1;4;0.0009049773755656109;0.0;0.0;0.001;0.9049773755656109;1.8099547511312217;0
midden-amerika;1;4;0.0009049773755656109;0.0;0.0;0.001;0.9049773755656109;1.8099547511312217;0
willy naessens;1;4;0.0009049773755656109;0.0;0.0;0.001;0.9049773755656109;1.8099547511312217;0
d-day voor trump;1;4;0.0009049773755656109;0.0;0.0;0.001;0.9049773755656109;1.8099547511312217;0
koning albert;1;4;0.0009049773755656109;0.0;0.0;0.001;0.9049773755656109;1.8099547511312217;0
ruben weytjens;1;4;0.0009049773755656109;0.0;0.0;0.001;0.9049773755656109;1.8099547511312217;0
chibumivers;1;4;0.0009049773755656109;0.0;0.0;0.001;0.9049773755656109;1.8099547511312217;0
walter;1;4;0.0009049773755656109;0.0;0.0;0.001;0.9049773755656109;1.8099547511312217;0
pence;1;4;0.0009049773755656109;0.0;0.0;0.001;0.9049773755656109;1.8099547511312217;0
sybille;1;4;0.0009049773755656109;0.0;0.0;0.001;0.9049773755656109;1.8099547511312217;0
alarmbel;1;4;0.0009049773755656109;0.0;0.0;0.001;0.9049773755656109;1.8099547511312217;0
raad van state;1;53;0.0009049773755656109;1.0;19.0;0.0008658008658008658;1.0452488687782806;1.745745135392132;0
china;2;62;0.0018099547511312218;2.0;23.0;0.0017316017316017316;1.0452488687782806;1.7161357280910159;0
antwerpen;8;171;0.007239819004524887;7.0;89.0;0.006060606060606061;1.1945701357466063;1.6558260282070316;0
fauci;1;5;0.0009049773755656109;1.0;2.0;0.0008658008658008658;1.0452488687782806;1.6526835735269134;0
trump;44;283;0.039819004524886875;29.0;265.0;0.025108225108225107;1.585894835387736;1.6388706044233539;0
aziatisch;1;7;0.0009049773755656109;1.0;3.0;0.0008658008658008658;1.0452488687782806;1.5966440204144783;0
amerikaans;28;184;0.025339366515837104;21.0;143.0;0.01818181818181818;1.3936651583710409;1.5808815668298373;0
nederlands;14;65;0.012669683257918552;10.0;56.0;0.008658008658008658;1.4633484162895927;1.5765596483251676;0
thailand;2;9;0.0018099547511312218;2.0;4.0;0.0017316017316017316;1.0452488687782806;1.567873303167421;0
jan verheyen;1;3;0.0009049773755656109;0.0;0.0;0.001;0.9049773755656109;1.5674667941799794;0
gelukkig;1;3;0.0009049773755656109;0.0;0.0;0.001;0.9049773755656109;1.5674667941799794;0
venezuela;1;3;0.0009049773755656109;0.0;0.0;0.001;0.9049773755656109;1.5674667941799794;0
shana;1;3;0.0009049773755656109;0.0;0.0;0.001;0.9049773755656109;1.5674667941799794;0
brugs;1;3;0.0009049773755656109;0.0;0.0;0.001;0.9049773755656109;1.5674667941799794;0
bruyckere;1;3;0.0009049773755656109;0.0;0.0;0.001;0.9049773755656109;1.5674667941799794;0
romelu lukaku;1;3;0.0009049773755656109;0.0;0.0;0.001;0.9049773755656109;1.5674667941799794;0
legends;1;3;0.0009049773755656109;0.0;0.0;0.001;0.9049773755656109;1.5674667941799794;0
eddy;1;3;0.0009049773755656109;0.0;0.0;0.001;0.9049773755656109;1.5674667941799794;0
junior;1;3;0.0009049773755656109;0.0;0.0;0.001;0.9049773755656109;1.5674667941799794;0
tunesië;1;3;0.0009049773755656109;0.0;0.0;0.001;0.9049773755656109;1.5674667941799794;0
chaos;1;3;0.0009049773755656109;0.0;0.0;0.001;0.9049773755656109;1.5674667941799794;0
ivoorkust;1;3;0.0009049773755656109;0.0;0.0;0.001;0.9049773755656109;1.5674667941799794;0
zuid-korea;1;3;0.0009049773755656109;0.0;0.0;0.001;0.9049773755656109;1.5674667941799794;0
uitzonderlijk;1;3;0.0009049773755656109;0.0;0.0;0.001;0.9049773755656109;1.5674667941799794;0
clown;1;3;0.0009049773755656109;0.0;0.0;0.001;0.9049773755656109;1.5674667941799794;0
federaal regering;1;3;0.0009049773755656109;0.0;0.0;0.001;0.9049773755656109;1.5674667941799794;0
paris jackson;1;3;0.0009049773755656109;0.0;0.0;0.001;0.9049773755656109;1.5674667941799794;0
unequal;1;3;0.0009049773755656109;0.0;0.0;0.001;0.9049773755656109;1.5674667941799794;0
palau;1;3;0.0009049773755656109;0.0;0.0;0.001;0.9049773755656109;1.5674667941799794;0
dc;1;3;0.0009049773755656109;0.0;0.0;0.001;0.9049773755656109;1.5674667941799794;0
lotus;1;3;0.0009049773755656109;0.0;0.0;0.001;0.9049773755656109;1.5674667941799794;0
pedro;1;3;0.0009049773755656109;0.0;0.0;0.001;0.9049773755656109;1.5674667941799794;0
vals incassobureau;1;3;0.0009049773755656109;0.0;0.0;0.001;0.9049773755656109;1.5674667941799794;0
marnix peeters;1;3;0.0009049773755656109;0.0;0.0;0.001;0.9049773755656109;1.5674667941799794;0
amerika-kenner;1;3;0.0009049773755656109;0.0;0.0;0.001;0.9049773755656109;1.5674667941799794;0
miljoen;1;3;0.0009049773755656109;0.0;0.0;0.001;0.9049773755656109;1.5674667941799794;0
jonas creteur;1;3;0.0009049773755656109;0.0;0.0;0.001;0.9049773755656109;1.5674667941799794;0
thuisploeg’-sokken;1;3;0.0009049773755656109;0.0;0.0;0.001;0.9049773755656109;1.5674667941799794;0
poly;1;3;0.0009049773755656109;0.0;0.0;0.001;0.9049773755656109;1.5674667941799794;0
loonkloof;1;3;0.0009049773755656109;0.0;0.0;0.001;0.9049773755656109;1.5674667941799794;0
knik;1;3;0.0009049773755656109;0.0;0.0;0.001;0.9049773755656109;1.5674667941799794;0
simonneke;1;3;0.0009049773755656109;0.0;0.0;0.001;0.9049773755656109;1.5674667941799794;0
lagarde;1;3;0.0009049773755656109;0.0;0.0;0.001;0.9049773755656109;1.5674667941799794;0
chrissy teigen;1;3;0.0009049773755656109;0.0;0.0;0.001;0.9049773755656109;1.5674667941799794;0
curve;1;3;0.0009049773755656109;0.0;0.0;0.001;0.9049773755656109;1.5674667941799794;0
inter;1;3;0.0009049773755656109;0.0;0.0;0.001;0.9049773755656109;1.5674667941799794;0
de kern;1;3;0.0009049773755656109;0.0;0.0;0.001;0.9049773755656109;1.5674667941799794;0
epos;1;3;0.0009049773755656109;0.0;0.0;0.001;0.9049773755656109;1.5674667941799794;0
biscoff-pasta;1;3;0.0009049773755656109;0.0;0.0;0.001;0.9049773755656109;1.5674667941799794;0
officieel;1;3;0.0009049773755656109;0.0;0.0;0.001;0.9049773755656109;1.5674667941799794;0
madrid;1;2;0.0009049773755656109;1.0;0.0;0.0008658008658008658;1.0452488687782806;1.47820512628138;0
hazard;1;2;0.0009049773755656109;1.0;0.0;0.0008658008658008658;1.0452488687782806;1.47820512628138;0
duits;4;42;0.0036199095022624436;5.0;14.0;0.004329004329004329;0.8361990950226245;1.448339317822301;0
twitter;2;28;0.0018099547511312218;2.0;15.0;0.0017316017316017316;1.0452488687782806;1.428081826206134;0
euro;2;18;0.0018099547511312218;2.0;11.0;0.0017316017316017316;1.0452488687782806;1.3370868455605254;0
ontdekken;1;8;0.0009049773755656109;1.0;5.0;0.0008658008658008658;1.0452488687782806;1.3221468588215306;0
vier-programma;1;3;0.0009049773755656109;1.0;2.0;0.0008658008658008658;1.0452488687782806;1.2801631913640592;0
ing;1;6;0.0009049773755656109;1.0;4.0;0.0008658008658008658;1.0452488687782806;1.2801631913640592;0
tactiek;1;2;0.0009049773755656109;0.0;0.0;0.001;0.9049773755656109;1.2798312781656969;0
campenaerts;1;2;0.0009049773755656109;0.0;0.0;0.001;0.9049773755656109;1.2798312781656969;0
apple;1;2;0.0009049773755656109;0.0;0.0;0.001;0.9049773755656109;1.2798312781656969;0
curator fng;1;2;0.0009049773755656109;0.0;0.0;0.001;0.9049773755656109;1.2798312781656969;0
flits;1;2;0.0009049773755656109;0.0;0.0;0.001;0.9049773755656109;1.2798312781656969;0
weg ek voor vanheusd;1;2;0.0009049773755656109;0.0;0.0;0.001;0.9049773755656109;1.2798312781656969;0
koen wauters;1;2;0.0009049773755656109;0.0;0.0;0.001;0.9049773755656109;1.2798312781656969;0
kendall jenner;1;2;0.0009049773755656109;0.0;0.0;0.001;0.9049773755656109;1.2798312781656969;0
mentaal;1;2;0.0009049773755656109;0.0;0.0;0.001;0.9049773755656109;1.2798312781656969;0
neg;1;2;0.0009049773755656109;0.0;0.0;0.001;0.9049773755656109;1.2798312781656969;0
amc;1;2;0.0009049773755656109;0.0;0.0;0.001;0.9049773755656109;1.2798312781656969;0
beyoncé;1;2;0.0009049773755656109;0.0;0.0;0.001;0.9049773755656109;1.2798312781656969;0
dvtch norris;1;2;0.0009049773755656109;0.0;0.0;0.001;0.9049773755656109;1.2798312781656969;0
nyrstar;1;2;0.0009049773755656109;0.0;0.0;0.001;0.9049773755656109;1.2798312781656969;0
doomscrolling;1;2;0.0009049773755656109;0.0;0.0;0.001;0.9049773755656109;1.2798312781656969;0
ant group;1;2;0.0009049773755656109;0.0;0.0;0.001;0.9049773755656109;1.2798312781656969;0
chaotische;1;2;0.0009049773755656109;0.0;0.0;0.001;0.9049773755656109;1.2798312781656969;0
julie cafmeyer;1;2;0.0009049773755656109;0.0;0.0;0.001;0.9049773755656109;1.2798312781656969;0
s reageren vol ongeloof;1;2;0.0009049773755656109;0.0;0.0;0.001;0.9049773755656109;1.2798312781656969;0
groot;1;2;0.0009049773755656109;0.0;0.0;0.001;0.9049773755656109;1.2798312781656969;0
ultra-snell;1;2;0.0009049773755656109;0.0;0.0;0.001;0.9049773755656109;1.2798312781656969;0
tim van steenbergen;1;2;0.0009049773755656109;0.0;0.0;0.001;0.9049773755656109;1.2798312781656969;0
sony;1;2;0.0009049773755656109;0.0;0.0;0.001;0.9049773755656109;1.2798312781656969;0
antwerp verliezen tegen;1;2;0.0009049773755656109;0.0;0.0;0.001;0.9049773755656109;1.2798312781656969;0
proximus;1;2;0.0009049773755656109;0.0;0.0;0.001;0.9049773755656109;1.2798312781656969;0
fact check;1;2;0.0009049773755656109;0.0;0.0;0.001;0.9049773755656109;1.2798312781656969;0
psychose van gogh;1;2;0.0009049773755656109;0.0;0.0;0.001;0.9049773755656109;1.2798312781656969;0
schelle;1;2;0.0009049773755656109;0.0;0.0;0.001;0.9049773755656109;1.2798312781656969;0
dubbelrol van adviseur;1;2;0.0009049773755656109;0.0;0.0;0.001;0.9049773755656109;1.2798312781656969;0
prins andrew;1;2;0.0009049773755656109;0.0;0.0;0.001;0.9049773755656109;1.2798312781656969;0
hoe;1;2;0.0009049773755656109;0.0;0.0;0.001;0.9049773755656109;1.2798312781656969;0
fiber;1;2;0.0009049773755656109;0.0;0.0;0.001;0.9049773755656109;1.2798312781656969;0
martine tanghe;1;2;0.0009049773755656109;0.0;0.0;0.001;0.9049773755656109;1.2798312781656969;0
antwerps;6;86;0.005429864253393665;6.0;62.0;0.005194805194805195;1.0452488687782806;1.2310426147643048;0
belgië;25;344;0.02262443438914027;22.0;379.0;0.01904761904761905;1.187782805429864;1.1316096709372416;0
polen;1;29;0.0009049773755656109;2.0;7.0;0.0017316017316017316;0.5226244343891403;1.0637502850895368;0
champions league;1;1;0.0009049773755656109;1.0;0.0;0.0008658008658008658;1.0452488687782806;1.0452488687782806;0
euronext;1;1;0.0009049773755656109;1.0;0.0;0.0008658008658008658;1.0452488687782806;1.0452488687782806;0
marc van ranst;10;230;0.00904977375565611;7.0;561.0;0.006060606060606061;1.493212669683258;0.956101839092396;0
coronacrisi;1;3;0.0009049773755656109;1.0;4.0;0.0008658008658008658;1.0452488687782806;0.9052120736389382;0
croo;1;9;0.0009049773755656109;1.0;12.0;0.0008658008658008658;1.0452488687782806;0.9052120736389382;0
boekenleeuw;1;1;0.0009049773755656109;0.0;0.0;0.001;0.9049773755656109;0.9049773755656109;0
ethias arena;1;1;0.0009049773755656109;0.0;0.0;0.001;0.9049773755656109;0.9049773755656109;0
e van eels;1;1;0.0009049773755656109;0.0;0.0;0.001;0.9049773755656109;0.9049773755656109;0
moldavië;1;1;0.0009049773755656109;0.0;0.0;0.001;0.9049773755656109;0.9049773755656109;0
dierenkapsalons;1;1;0.0009049773755656109;0.0;0.0;0.001;0.9049773755656109;0.9049773755656109;0
dode;1;1;0.0009049773755656109;0.0;0.0;0.001;0.9049773755656109;0.9049773755656109;0
donohoe;1;1;0.0009049773755656109;0.0;0.0;0.001;0.9049773755656109;0.9049773755656109;0
club;1;1;0.0009049773755656109;0.0;0.0;0.001;0.9049773755656109;0.9049773755656109;0
stream;1;1;0.0009049773755656109;0.0;0.0;0.001;0.9049773755656109;0.9049773755656109;0
bayern;1;1;0.0009049773755656109;0.0;0.0;0.001;0.9049773755656109;0.9049773755656109;0
station berchem;1;1;0.0009049773755656109;0.0;0.0;0.001;0.9049773755656109;0.9049773755656109;0
iss;1;1;0.0009049773755656109;0.0;0.0;0.001;0.9049773755656109;0.9049773755656109;0
anne;1;1;0.0009049773755656109;0.0;0.0;0.001;0.9049773755656109;0.9049773755656109;0
clement;1;1;0.0009049773755656109;0.0;0.0;0.001;0.9049773755656109;0.9049773755656109;0
wereldvermaard;1;1;0.0009049773755656109;0.0;0.0;0.001;0.9049773755656109;0.9049773755656109;0
uhasselt;1;1;0.0009049773755656109;0.0;0.0;0.001;0.9049773755656109;0.9049773755656109;0
review;1;1;0.0009049773755656109;0.0;0.0;0.001;0.9049773755656109;0.9049773755656109;0
sport/voetbalmagazine;1;1;0.0009049773755656109;0.0;0.0;0.001;0.9049773755656109;0.9049773755656109;0
iv;1;1;0.0009049773755656109;0.0;0.0;0.001;0.9049773755656109;0.9049773755656109;0
republikeinen;1;1;0.0009049773755656109;0.0;0.0;0.001;0.9049773755656109;0.9049773755656109;0
plantencentrum thomas;1;1;0.0009049773755656109;0.0;0.0;0.001;0.9049773755656109;0.9049773755656109;0
genks;1;1;0.0009049773755656109;0.0;0.0;0.001;0.9049773755656109;0.9049773755656109;0
rechtbank;1;1;0.0009049773755656109;0.0;0.0;0.001;0.9049773755656109;0.9049773755656109;0
ward hulselmans;1;1;0.0009049773755656109;0.0;0.0;0.001;0.9049773755656109;0.9049773755656109;0
marketingspecialist selligent;1;1;0.0009049773755656109;0.0;0.0;0.001;0.9049773755656109;0.9049773755656109;0
turks kust;1;1;0.0009049773755656109;0.0;0.0;0.001;0.9049773755656109;0.9049773755656109;0
sportmanager peter verbeke;1;1;0.0009049773755656109;0.0;0.0;0.001;0.9049773755656109;0.9049773755656109;0
tormans;1;1;0.0009049773755656109;0.0;0.0;0.001;0.9049773755656109;0.9049773755656109;0
analyse goots;1;1;0.0009049773755656109;0.0;0.0;0.001;0.9049773755656109;0.9049773755656109;0
dendermonde;1;1;0.0009049773755656109;0.0;0.0;0.001;0.9049773755656109;0.9049773755656109;0
corona tijdelijk werkloos;1;1;0.0009049773755656109;0.0;0.0;0.001;0.9049773755656109;0.9049773755656109;0
acid;1;1;0.0009049773755656109;0.0;0.0;0.001;0.9049773755656109;0.9049773755656109;0
fod economie;1;1;0.0009049773755656109;0.0;0.0;0.001;0.9049773755656109;0.9049773755656109;0
youtuber kastiop;1;1;0.0009049773755656109;0.0;0.0;0.001;0.9049773755656109;0.9049773755656109;0
paschal;1;1;0.0009049773755656109;0.0;0.0;0.001;0.9049773755656109;0.9049773755656109;0
biogezond;1;1;0.0009049773755656109;0.0;0.0;0.001;0.9049773755656109;0.9049773755656109;0
veilig;1;1;0.0009049773755656109;0.0;0.0;0.001;0.9049773755656109;0.9049773755656109;0
definitive edition;1;1;0.0009049773755656109;0.0;0.0;0.001;0.9049773755656109;0.9049773755656109;0
ryan giggs;1;1;0.0009049773755656109;0.0;0.0;0.001;0.9049773755656109;0.9049773755656109;0
witse;1;1;0.0009049773755656109;0.0;0.0;0.001;0.9049773755656109;0.9049773755656109;0
waarom johnny depp;1;1;0.0009049773755656109;0.0;0.0;0.001;0.9049773755656109;0.9049773755656109;0
albert;1;1;0.0009049773755656109;0.0;0.0;0.001;0.9049773755656109;0.9049773755656109;0
cm group;1;1;0.0009049773755656109;0.0;0.0;0.001;0.9049773755656109;0.9049773755656109;0
jacques sys;1;1;0.0009049773755656109;0.0;0.0;0.001;0.9049773755656109;0.9049773755656109;0
hilde van acker;1;1;0.0009049773755656109;0.0;0.0;0.001;0.9049773755656109;0.9049773755656109;0
stijlbreuk;1;1;0.0009049773755656109;0.0;0.0;0.001;0.9049773755656109;0.9049773755656109;0
portugesehof;1;1;0.0009049773755656109;0.0;0.0;0.001;0.9049773755656109;0.9049773755656109;0
alleen club brugge;1;1;0.0009049773755656109;0.0;0.0;0.001;0.9049773755656109;0.9049773755656109;0
vrouw’-kandidaat;1;1;0.0009049773755656109;0.0;0.0;0.001;0.9049773755656109;0.9049773755656109;0
kledinglijn;1;1;0.0009049773755656109;0.0;0.0;0.001;0.9049773755656109;0.9049773755656109;0
berchem;1;7;0.0009049773755656109;1.0;12.0;0.0008658008658008658;1.0452488687782806;0.7983220102072391;0
overzicht;6;40;0.005429864253393665;9.0;31.0;0.007792207792207792;0.6968325791855203;0.7915486196746423;0
oostenrijks;3;22;0.0027149321266968325;3.0;41.0;0.0025974025974025974;1.0452488687782806;0.7656655696908419;0
video;11;19;0.009954751131221719;12.0;30.0;0.01038961038961039;0.9581447963800904;0.7625131160789882;0
heist;1;1;0.0009049773755656109;1.0;2.0;0.0008658008658008658;1.0452488687782806;0.73910256314069;0
facebook;3;31;0.0027149321266968325;5.0;23.0;0.004329004329004329;0.6271493212669683;0.7280947264618022;0
verenigd koninkrijk;2;7;0.0018099547511312218;2.0;16.0;0.0017316017316017316;1.0452488687782806;0.6913671412397291;0
netflix;3;23;0.0027149321266968325;5.0;20.0;0.004329004329004329;0.6271493212669683;0.6725427212010119;0
s trump;1;56;0.0009049773755656109;2.0;41.0;0.0017316017316017316;0.5226244343891403;0.610789827880858;0
jong;1;17;0.0009049773755656109;1.0;51.0;0.0008658008658008658;1.0452488687782806;0.6034747157592921;0
uitslag;2;4;0.0018099547511312218;4.0;3.0;0.003463203463203463;0.5226244343891403;0.6034747157592921;0
etappe;2;4;0.0018099547511312218;4.0;3.0;0.003463203463203463;0.5226244343891403;0.6034747157592921;0
frans;6;117;0.005429864253393665;12.0;89.0;0.01038961038961039;0.5226244343891403;0.5992218458856373;0
brussels;3;24;0.0027149321266968325;5.0;27.0;0.004329004329004329;0.6271493212669683;0.5912820505125519;0
frankrijk;3;236;0.0027149321266968325;9.0;84.0;0.007792207792207792;0.34841628959276016;0.5840026394412623;0
anderlecht;2;3;0.0018099547511312218;3.0;5.0;0.0025974025974025974;0.6968325791855204;0.5397641948560564;0
whatsapp;1;7;0.0009049773755656109;3.0;3.0;0.0025974025974025974;0.3484162895927602;0.5322146734714929;0
eric goens;1;1;0.0009049773755656109;1.0;4.0;0.0008658008658008658;1.0452488687782806;0.5226244343891403;0
georgië;1;4;0.0009049773755656109;3.0;2.0;0.0025974025974025974;0.3484162895927602;0.4927350420937934;0
senaat;1;2;0.0009049773755656109;1.0;9.0;0.0008658008658008658;1.0452488687782806;0.4927350420937933;0
vlaanderen;5;76;0.004524886877828055;5.0;370.0;0.004329004329004329;1.0452488687782806;0.47372427555874375;0
philadelphia;1;1;0.0009049773755656109;1.0;5.0;0.0008658008658008658;1.0452488687782806;0.4674495047985986;0
'cd&amp;v';1;8;0.0009049773755656109;2.0;10.0;0.0017316017316017316;0.5226244343891403;0.4674495047985986;0
parijs;2;30;0.0018099547511312218;6.0;20.0;0.005194805194805195;0.3484162895927602;0.4267210637880197;0
viroloog van gucht;3;18;0.0027149321266968325;3.0;115.0;0.0025974025974025974;1.0452488687782806;0.41353001634686015;0
kaart;3;20;0.0027149321266968325;7.0;27.0;0.006060606060606061;0.44796380090497734;0.3855458534686116;0
antwerp;2;9;0.0018099547511312218;5.0;11.0;0.004329004329004329;0.41809954751131223;0.37818527021247095;0
europees;4;26;0.0036199095022624436;10.0;34.0;0.008658008658008658;0.41809954751131223;0.3656174480309369;0
oproep;2;12;0.0018099547511312218;5.0;17.0;0.004329004329004329;0.41809954751131223;0.3512738817127279;0
league;1;3;0.0009049773755656109;3.0;3.0;0.0025974025974025974;0.3484162895927602;0.3484162895927602;0
hasselt;1;1;0.0009049773755656109;1.0;12.0;0.0008658008658008658;1.0452488687782806;0.30173735787964606;0
kmi;2;2;0.0018099547511312218;3.0;14.0;0.0025974025974025974;0.6968325791855204;0.26337795856751584;0
duitsland;4;22;0.0036199095022624436;9.0;102.0;0.007792207792207792;0.4645550527903469;0.21574882672088957;0
vlaams;3;54;0.0027149321266968325;10.0;145.0;0.008658008658008658;0.31357466063348416;0.1913611797322622;0
donald trump;2;18;0.0018099547511312218;5.0;93.0;0.004329004329004329;0.41809954751131223;0.1839392773028015;0
syrisch;1;1;0.0009049773755656109;1.0;40.0;0.0008658008658008658;1.0452488687782806;0.16526835735269133;0
lockdown;1;2;0.0009049773755656109;2.0;21.0;0.0017316017316017316;0.5226244343891403;0.1612854019965757;0
corona;4;2;0.0036199095022624436;5.0;58.0;0.004329004329004329;0.8361990950226245;0.15527827373357098;0
vandenbroucke;1;9;0.0009049773755656109;2.0;117.0;0.0017316017316017316;0.5226244343891403;0.14494993815387777;0
van ranst;1;8;0.0009049773755656109;2.0;133.0;0.0017316017316017316;0.5226244343891403;0.12817664020002453;0
rusland;1;5;0.0009049773755656109;6.0;11.0;0.005194805194805195;0.1742081447963801;0.11745110726169602;0
limburg;1;4;0.0009049773755656109;4.0;22.0;0.003463203463203463;0.26131221719457015;0.11142390379671044;0
eu;1;29;0.0009049773755656109;5.0;105.0;0.004329004329004329;0.20904977375565612;0.10986365703133781;0
limburgs;1;8;0.0009049773755656109;4.0;56.0;0.003463203463203463;0.26131221719457015;0.09876673446281843;0
kim kardashian;1;2;0.0009049773755656109;4.0;15.0;0.003463203463203463;0.26131221719457015;0.0954177306061036;0
di rupo;1;2;0.0009049773755656109;2.0;63.0;0.0017316017316017316;0.5226244343891403;0.09311817025908;0
planckaerts;1;3;0.0009049773755656109;4.0;24.0;0.003463203463203463;0.26131221719457015;0.09238782039258625;0
mr;1;17;0.0009049773755656109;5.0;182.0;0.004329004329004329;0.20904977375565612;0.06389082095519966;0
delphine;1;1;0.0009049773755656109;3.0;34.0;0.0025974025974025974;0.3484162895927602;0.05975290070576101;0
vrees;1;1;0.0009049773755656109;4.0;98.0;0.003463203463203463;0.26131221719457015;0.026396520112167497;0
uz brussel;1;10;0.0009049773755656109;12.0;201.0;0.01038961038961039;0.08710407239819005;0.019428551883145496;0
holland;1;0;0.0009049773755656109;0.0;0.0;0.001;0.9049773755656109;0.0;0
bnp;1;0;0.0009049773755656109;0.0;0.0;0.001;0.9049773755656109;0.0;0
kv kortrijk;1;0;0.0009049773755656109;0.0;0.0;0.001;0.9049773755656109;0.0;0
election;1;0;0.0009049773755656109;0.0;0.0;0.001;0.9049773755656109;0.0;0
gigantisch;1;0;0.0009049773755656109;0.0;0.0;0.001;0.9049773755656109;0.0;0
tesla;1;0;0.0009049773755656109;0.0;0.0;0.001;0.9049773755656109;0.0;0
yaeji;1;0;0.0009049773755656109;0.0;0.0;0.001;0.9049773755656109;0.0;0
dua lipa;1;0;0.0009049773755656109;0.0;0.0;0.001;0.9049773755656109;0.0;0
presidentskandidaat donald;1;0;0.0009049773755656109;0.0;0.0;0.001;0.9049773755656109;0.0;0
duval union;1;0;0.0009049773755656109;0.0;0.0;0.001;0.9049773755656109;0.0;0
sanofi lijven kiadis;1;0;0.0009049773755656109;0.0;0.0;0.001;0.9049773755656109;0.0;0
baba;1;0;0.0009049773755656109;0.0;0.0;0.001;0.9049773755656109;0.0;0
fever;1;0;0.0009049773755656109;0.0;0.0;0.001;0.9049773755656109;0.0;0
lippens;1;0;0.0009049773755656109;0.0;0.0;0.001;0.9049773755656109;0.0;0
trump versus biden;1;0;0.0009049773755656109;0.0;0.0;0.001;0.9049773755656109;0.0;0
dvtch van looy;1;0;0.0009049773755656109;0.0;0.0;0.001;0.9049773755656109;0.0;0
bizar;6;0;0.005429864253393665;5.0;0.0;0.004329004329004329;1.2542986425339366;0.0;0
verplanten;1;0;0.0009049773755656109;0.0;0.0;0.001;0.9049773755656109;0.0;0
veerle;1;0;0.0009049773755656109;0.0;0.0;0.001;0.9049773755656109;0.0;0
boer;4;0;0.0036199095022624436;0.0;0.0;0.001;3.6199095022624435;0.0;0
angèle;1;0;0.0009049773755656109;0.0;0.0;0.001;0.9049773755656109;0.0;0
tokio;1;0;0.0009049773755656109;0.0;0.0;0.001;0.9049773755656109;0.0;0
woofa;1;0;0.0009049773755656109;0.0;0.0;0.001;0.9049773755656109;0.0;0
van der poel;1;0;0.0009049773755656109;1.0;1.0;0.0008658008658008658;1.0452488687782806;0.0;0
gigi hadid;2;0;0.0018099547511312218;0.0;0.0;0.001;1.8099547511312217;0.0;0
waarloos;1;0;0.0009049773755656109;0.0;0.0;0.001;0.9049773755656109;0.0;0
belvilla;1;0;0.0009049773755656109;0.0;0.0;0.001;0.9049773755656109;0.0;0
wow !;1;0;0.0009049773755656109;0.0;0.0;0.001;0.9049773755656109;0.0;0
voormalig;1;0;0.0009049773755656109;0.0;0.0;0.001;0.9049773755656109;0.0;0
zayn malik;2;0;0.0018099547511312218;0.0;0.0;0.001;1.8099547511312217;0.0;0
wing;1;0;0.0009049773755656109;0.0;0.0;0.001;0.9049773755656109;0.0;0
tien;1;0;0.0009049773755656109;0.0;0.0;0.001;0.9049773755656109;0.0;0
koreaans-amerikaans;1;0;0.0009049773755656109;0.0;0.0;0.001;0.9049773755656109;0.0;0
versuz;1;0;0.0009049773755656109;0.0;0.0;0.001;0.9049773755656109;0.0;0
tips;1;0;0.0009049773755656109;2.0;6.0;0.0017316017316017316;0.5226244343891403;0.0;0
the radios;1;0;0.0009049773755656109;0.0;0.0;0.001;0.9049773755656109;0.0;0
diepen;1;0;0.0009049773755656109;0.0;0.0;0.001;0.9049773755656109;0.0;0
frits;1;0;0.0009049773755656109;0.0;0.0;0.001;0.9049773755656109;0.0;0
ann peuteman;1;0;0.0009049773755656109;0.0;0.0;0.001;0.9049773755656109;0.0;0
tumultueus slot;2;0;0.0018099547511312218;0.0;0.0;0.001;1.8099547511312217;0.0;0
kortrijk;1;0;0.0009049773755656109;1.0;4.0;0.0008658008658008658;1.0452488687782806;0.0;0
zwitserland;1;0;0.0009049773755656109;0.0;0.0;0.001;0.9049773755656109;0.0;0
coronacijfers;1;0;0.0009049773755656109;0.0;0.0;0.001;0.9049773755656109;0.0;0
noorderlicht;1;0;0.0009049773755656109;0.0;0.0;0.001;0.9049773755656109;0.0;0
ontmaskerde baba;1;0;0.0009049773755656109;0.0;0.0;0.001;0.9049773755656109;0.0;0
dollar;1;0;0.0009049773755656109;0.0;0.0;0.001;0.9049773755656109;0.0;0
universiteitscampus kaboel;1;0;0.0009049773755656109;0.0;0.0;0.001;0.9049773755656109;0.0;0
hema;1;0;0.0009049773755656109;4.0;22.0;0.003463203463203463;0.26131221719457015;0.0;0
hamont;1;0;0.0009049773755656109;0.0;0.0;0.001;0.9049773755656109;0.0;0
martien meiland;1;0;0.0009049773755656109;0.0;0.0;0.001;0.9049773755656109;0.0;0
fabrizio van  temptation island;1;0;0.0009049773755656109;0.0;0.0;0.001;0.9049773755656109;0.0;0
joofa;1;0;0.0009049773755656109;0.0;0.0;0.001;0.9049773755656109;0.0;0
parlement peru;1;0;0.0009049773755656109;0.0;0.0;0.001;0.9049773755656109;0.0;0
lg;1;0;0.0009049773755656109;0.0;0.0;0.001;0.9049773755656109;0.0;0
knack;1;0;0.0009049773755656109;1.0;1.0;0.0008658008658008658;1.0452488687782806;0.0;0
juice club;1;0;0.0009049773755656109;0.0;0.0;0.001;0.9049773755656109;0.0;0
kiezer;1;0;0.0009049773755656109;0.0;0.0;0.001;0.9049773755656109;0.0;0
ancienne belgique;1;0;0.0009049773755656109;0.0;0.0;0.001;0.9049773755656109;0.0;0
center parcs;1;0;0.0009049773755656109;0.0;0.0;0.001;0.9049773755656109;0.0;0
frits uit;1;0;0.0009049773755656109;0.0;0.0;0.001;0.9049773755656109;0.0;0
veerle voor thibaut;1;0;0.0009049773755656109;0.0;0.0;0.001;0.9049773755656109;0.0;0
judd apatows;1;0;0.0009049773755656109;0.0;0.0;0.001;0.9049773755656109;0.0;0
nelis;2;0;0.0018099547511312218;0.0;0.0;0.001;1.8099547511312217;0.0;0
keihard;1;0;0.0009049773755656109;0.0;0.0;0.001;0.9049773755656109;0.0;0
